,Name,Price,Format,Rating,URL
0,"Self-Love Workbook for Women: Release Self-Doubt, Build Self-Compassion, and Embrace Who You Are",$9.59,Paperback ,4.7 out of 5 stars,https://www.amazon.com//Self-Love-Workbook-Women-Self-Doubt-Self-Compassion/dp/1647397294/ref=sr_1_1?dchild=1&keywords=self+love&qid=1633860677&sr=8-1
1,"The Self-Love Workbook: A Life-Changing Guide to Boost Self-Esteem, Recognize Your Worth and Find Genuine Happiness (Self-Love Books)",$14.10,Paperback ,4.6 out of 5 stars,https://www.amazon.com//Self-Love-Workbook-Life-Changing-Self-Esteem-Recognize/dp/1612438660/ref=sr_1_2?dchild=1&keywords=self+love&qid=1633860677&sr=8-2
2,Self Love Poetry: For Thinkers & Feelers,$13.49,Paperback ,4.8 out of 5 stars,https://www.amazon.com//Self-Love-Poetry-Thinkers-Feelers/dp/1524871222/ref=sr_1_3?dchild=1&keywords=self+love&qid=1633860677&sr=8-3
3,Unconditional: You Are Perfect As You Are: Manifest Your Healthiest and Happiest Life With the Healing Power of Self-Love,$12.99,Paperback ,5.0 out of 5 stars,https://www.amazon.com//Unconditional-Manifest-Healthiest-Happiest-Self-Love/dp/B09B1DW43X/ref=sr_1_4?dchild=1&keywords=self+love&qid=1633860677&sr=8-4
4,What The Heck Is Self-Love Anyway?,$11.72,Paperback ,4.7 out of 5 stars,https://www.amazon.com//What-Self-Love-Anyway-Jonathon-Aslay/dp/1092498397/ref=sr_1_5?dchild=1&keywords=self+love&qid=1633860677&sr=8-5
5,"Good Vibes, Good Life: How Self-Love Is the Key to Unlocking Your Greatness",$13.49,Paperback ,4.7 out of 5 stars,https://www.amazon.com//Good-Vibes-Life-Self-Love-Unlocking/dp/1788171829/ref=sr_1_7?dchild=1&keywords=self+love&qid=1633860677&sr=8-7
6,"Meditations on Self-Love: Daily Wisdom for Healing, Acceptance, and Joy",$14.39,Paperback ,4.7 out of 5 stars,https://www.amazon.com//Meditations-Self-Love-Wisdom-Healing-Acceptance/dp/1647399491/ref=sr_1_8?dchild=1&keywords=self+love&qid=1633860677&sr=8-8
7,Love Yourself Like Your Life Depends on It,$0.00,Audible Audiobook ,4.5 out of 5 stars,https://www.amazon.com//Love-Yourself-Like-Your-Depends/dp/B07T9NYCFL/ref=sr_1_9?dchild=1&keywords=self+love&qid=1633860677&sr=8-9
8,"The Body Is Not an Apology, Second Edition: The Power of Radical Self-Love",$14.78,Paperback ,4.8 out of 5 stars,https://www.amazon.com//Body-Not-Apology-Second-Self-Love/dp/1523090995/ref=sr_1_11?dchild=1&keywords=self+love&qid=1633860677&sr=8-11
9,The Self Love Journal: Banish Self-Doubt and Learn to Love Yourself,$9.99,Paperback ,4.6 out of 5 stars,https://www.amazon.com//Self-Love-Journal-Self-Doubt-Yourself/dp/164152765X/ref=sr_1_12?dchild=1&keywords=self+love&qid=1633860677&sr=8-12
10,The Self-Love Bible: How I Learned to Love Myself,$16.05,Paperback ,4.7 out of 5 stars,https://www.amazon.com//Self-Love-Bible-Learned-Love-Myself/dp/1999247302/ref=sr_1_13?dchild=1&keywords=self+love&qid=1633860677&sr=8-13
11,"Confidence & Self Love Workbook for Women: Real Ways to Love Yourself, Increase Your Self-Worth and Be Confident in Who You Are",$14.97,Paperback ,4.6 out of 5 stars,https://www.amazon.com//Confidence-Self-Love-Workbook-Women/dp/B08Y6545XK/ref=sr_1_15?dchild=1&keywords=self+love&qid=1633860677&sr=8-15
12,Self-Love Guided Journal: A 30-day journey of self-discovery and emotional healing to help you feel good enough.,$14.99,Paperback ,4.7 out of 5 stars,https://www.amazon.com//Self-Love-Guided-Journal-self-discovery-emotional/dp/1734662115/ref=sr_1_16?dchild=1&keywords=self+love&qid=1633860677&sr=8-16
13,"21-Day Challenges Box Set 1 - Self Love, Self Confidence, & Happiness",$0.00,Audible Audiobook ,3.7 out of 5 stars,https://www.amazon.com//21-Day-Challenges-Box-Set-Confidence/dp/B01BG8XFQK/ref=sr_1_17?dchild=1&keywords=self+love&qid=1633860677&sr=8-17
14,THE FUNNY THING ABOUT HEALING AND SELF-LOVE,$7.33,Paperback ,4.7 out of 5 stars,https://www.amazon.com//FUNNY-THING-ABOUT-HEALING-SELF-LOVE/dp/B08ZFW2MM9/ref=sr_1_18?dchild=1&keywords=self+love&qid=1633860677&sr=8-18
15,Let That Sh*t Go: A Journal for Leaving Your Bullsh*t Behind and Creating a Happy Life (Zen as F*ck Journals),$8.99,Paperback ,4.7 out of 5 stars,https://www.amazon.com//Let-That-Sh-Go-Creating/dp/1250181909/ref=sr_1_19?dchild=1&keywords=self+love&qid=1633860677&sr=8-19
16,You Are a Badass: How to Stop Doubting Your Greatness and Start Living an Awesome Life,$8.45,Paperback ,4.7 out of 5 stars,https://www.amazon.com//You-Are-Badass%C2%AE-Doubting-Greatness/dp/0762447699/ref=sr_1_20?dchild=1&keywords=self+love&qid=1633860677&sr=8-20
17,"Forgiving What You Can't Forget: Discover How to Move On, Make Peace with Painful Memories, and Create a Life That’s Beautiful Again",$14.40,Hardcover ,4.8 out of 5 stars,https://www.amazon.com//Forgiving-What-You-Cant-Forget/dp/0718039874/ref=sr_1_21?dchild=1&keywords=self+love&qid=1633860677&sr=8-21
18,Rock Bottom is Where Bad Bitches Are Built: Find Your Footing; Conquer the Climb,$14.99,Paperback ,4.8 out of 5 stars,https://www.amazon.com//Rock-Bottom-Where-Bitches-Built/dp/1736516108/ref=sr_1_22?dchild=1&keywords=self+love&qid=1633860677&sr=8-22
19,"After the Rain: Gentle Reminders for Healing, Courage, and Self-Love",$13.93,Hardcover ,4.9 out of 5 stars,https://www.amazon.com//After-Rain-Reminders-Healing-Self-Love/dp/1797200100/ref=sr_1_23?dchild=1&keywords=self+love&qid=1633860677&sr=8-23
20,"Good Morning, I Love You: Mindfulness and Self-Compassion Practices to Rewire Your Brain for Calm, Clarity, and Joy",$0.00,Audible Audiobook ,4.8 out of 5 stars,https://www.amazon.com//Good-Morning-Love-You-Self-Compassion/dp/B083LDZNYK/ref=sr_1_24?dchild=1&keywords=self+love&qid=1633860677&sr=8-24
21,"Guided Self-Care Journal with Prompts to Boost Mindfulness, Gratitude and Positivity | Improve Wellness and Self Love | Inspirational Birthday & Christmas Gift for Women & Men | Find Your Own Magic",$25.99,$25.99$25.99  ,4.6 out of 5 stars,https://www.amazon.com//gp/slredirect/picassoRedirect.html/ref=pa_sp_mtf_aps_sr_pg1_1?ie=UTF8&adId=A06180383M1YKOC3RMDN0&url=%2FFind-Your-Own-Magic-Productivity%2Fdp%2F6199142705%2Fref%3Dsr_1_25_sspa%3Fdchild%3D1%26keywords%3Dself%2Blove%26qid%3D1633860677%26sr%3D8-25-spons%26psc%3D1&qualifier=1633860677&id=6152999318525984&widgetName=sp_mtf
22,The Mastery of Self: A Toltec Guide to Personal Freedom,$13.95,Paperback ,4.8 out of 5 stars,https://www.amazon.com//Mastery-Self-Toltec-Personal-Freedom/dp/1938289692/ref=sr_1_26?dchild=1&keywords=self+love&qid=1633860677&sr=8-26
23,Why Men Love Bitches: From Doormat to Dreamgirl―A Woman's Guide to Holding Her Own in a Relationship,$6.39,Paperback ,4.7 out of 5 stars,https://www.amazon.com//Why-Men-Love-Bitches-Relationship/dp/1580627560/ref=sr_1_27?dchild=1&keywords=self+love&qid=1633860677&sr=8-27
24,Coffee Self-Talk: 5 Minutes a Day to Start Living Your Magical Life,$12.99,Paperback ,4.6 out of 5 stars,https://www.amazon.com//Coffee-Self-Talk-Minutes-Living-Magical/dp/0982372264/ref=sr_1_28?dchild=1&keywords=self+love&qid=1633860677&sr=8-28
25,"Love Yourself First: How to Heal from Toxic People, Create Healthy Relationships & Become a Confident Woman (The Love Yourself Series)",$15.99,Paperback ,4.7 out of 5 stars,https://www.amazon.com//Love-Yourself-First-Relationships-Confident/dp/1734695102/ref=sr_1_29?dchild=1&keywords=self+love&qid=1633860677&sr=8-29
26,True You: A Self-Discovery Journal of Prompts and Exercises to Inspire Reflection and Growth,$11.66,Paperback ,4.6 out of 5 stars,https://www.amazon.com//True-You-Self-Discovery-Exercises-Reflection/dp/164611633X/ref=sr_1_31?dchild=1&keywords=self+love&qid=1633860677&sr=8-31
27,"Soul Therapy: A 365 day journal for self exploration, healing and reflection",$19.95,Paperback ,4.7 out of 5 stars,https://www.amazon.com//Soul-Therapy-journal-exploration-reflection/dp/1987415132/ref=sr_1_33?dchild=1&keywords=self+love&qid=1633860677&sr=8-33
28,"Self Care Workbook for Black Women : 52 Week Guided Check-in Journal, Planner & Activity Book for Well-being: 12 Months of Self Care for Black Women Who Do Too Much",$12.99,Paperback ,4.6 out of 5 stars,https://www.amazon.com//Self-Workbook-Black-Women-Check/dp/B08RRMS9CT/ref=sr_1_34?dchild=1&keywords=self+love&qid=1633860677&sr=8-34
29,A Year of Self Love: Daily Wisdom and Inspiration for Loving Yourself (A Year of Daily Reflections),$12.99,Paperback ,4.5 out of 5 stars,https://www.amazon.com//Year-Self-Love-Inspiration-Yourself/dp/1641527641/ref=sr_1_35?dchild=1&keywords=self+love&qid=1633860677&sr=8-35
30,"Self-Love Workbook for Men: Recognize Your Worth, Build Self-Confidence, Overcome Self-Doubt, and Embrace Who You Are",$0.00,Kindle ,0,https://www.amazon.com//Self-Love-Workbook-Men-Self-Confidence-Self-Doubt-ebook/dp/B09HMX16LT/ref=sr_1_36?dchild=1&keywords=self+love&qid=1633860677&sr=8-36
31,"The Self-Discovery Journal: 52 Weeks of Reflection, Inspiration, and Growth",$13.49,Paperback ,4.6 out of 5 stars,https://www.amazon.com//Self-Discovery-Journal-Reflection-Inspiration-Growth/dp/1648767672/ref=sr_1_37?dchild=1&keywords=self+love&qid=1633860677&sr=8-37
32,"Love Yourself First!: Boost Your Self-Esteem in 30 Days: Change Your Habits, Change Your Life, Book 4",$0.00,Audible Audiobook ,4.6 out of 5 stars,https://www.amazon.com//Love-Yourself-First-Self-Esteem-Change/dp/B07YYM54LT/ref=sr_1_38?dchild=1&keywords=self+love&qid=1633860677&sr=8-38
33,Be Unapologetically You: A Self Love Guide for Women of Color,$13.80,Paperback ,4.7 out of 5 stars,https://www.amazon.com//Be-Unapologetically-You-Guide-Women/dp/0994863780/ref=sr_1_39?dchild=1&keywords=self+love&qid=1633860677&sr=8-39
34,"The 21-Day Self-Love Challenge: Learn How to Love Yourself Unconditionally, Cultivate Self-Worth, Self-Compassion and Confidence: 21-Day Challenges, Volume 6",$0.00,Audible Audiobook ,4.3 out of 5 stars,https://www.amazon.com//The-21-Day-Self-Love-Challenge-audiobook/dp/B0182V8W26/ref=sr_1_40?dchild=1&keywords=self+love&qid=1633860677&sr=8-40
35,A Year of Self-Esteem: Daily Reflections and Practices for Embracing Your Worth (A Year of Daily Reflections),$16.19,Paperback ,5.0 out of 5 stars,https://www.amazon.com//Year-Self-Esteem-Reflections-Practices-Embracing/dp/1638073406/ref=sr_1_41?dchild=1&keywords=self+love&qid=1633860677&sr=8-41
36,"Finding My Awesome: Confidence, Self-Love, and Joy",$15.99,Hardcover ,5.0 out of 5 stars,https://www.amazon.com//Finding-My-Awesome-Confidence-Self-Love/dp/0578943824/ref=sr_1_42?dchild=1&keywords=self+love&qid=1633860677&sr=8-42
37,"The Self Care Prescription Journal: Powerful Prompts to Manage Emotions, Cultivate Well-Being, and Achieve Your Goals",$13.49,Paperback ,4.6 out of 5 stars,https://www.amazon.com//Self-Care-Prescription-Journal-Well-Being/dp/1648766781/ref=sr_1_43?dchild=1&keywords=self+love&qid=1633860677&sr=8-43
38,Women Who Love Too Much: When You Keep Wishing and Hoping He'll Change,$0.00,Audible Audiobook ,4.6 out of 5 stars,https://www.amazon.com//Women-Who-Love-Too-Much-audiobook/dp/B00AHYGI8W/ref=sr_1_44?dchild=1&keywords=self+love&qid=1633860677&sr=8-44
39,"Stop Overthinking: 23 Techniques to Relieve Stress, Stop Negative Spirals, Declutter Your Mind, and Focus on the Present",$13.99,Paperback ,4.5 out of 5 stars,https://www.amazon.com//Stop-Overthinking-Techniques-Declutter-Emotional/dp/B08XLLF3PG/ref=sr_1_45?dchild=1&keywords=self+love&qid=1633860677&sr=8-45
40,A Year of Self-Care: Daily Practices and Inspiration for Caring for Yourself (A Year of Daily Reflections),$14.69,Paperback ,4.6 out of 5 stars,https://www.amazon.com//Year-Self-Care-Practices-Inspiration-Yourself/dp/1648765092/ref=sr_1_46?dchild=1&keywords=self+love&qid=1633860677&sr=8-46
41,"Beautifully Brave: An Unconventional Guide to Owning Your Worth, Cultivating Self-Love, and Standing in Your Power",$21.99,Hardcover ,4.9 out of 5 stars,https://www.amazon.com//Beautifully-Brave-Unconventional-Cultivating-Self-Love/dp/1631067486/ref=sr_1_47?dchild=1&keywords=self+love&qid=1633860677&sr=8-47
42,"Self-Love For Men Workbook: A Powerful Guide To Build Self-Esteem, Confidence, And Overcome Self-Doubt",$8.10,Paperback ,2.0 out of 5 stars,https://www.amazon.com//Self-Love-Men-Workbook-Self-Esteem-Confidence/dp/B09CRY3BF9/ref=sr_1_48?dchild=1&keywords=self+love&qid=1633860677&sr=8-48
43,Untamed,$0.00,Audible Audiobook ,4.6 out of 5 stars,https://www.amazon.com//Untamed-Glennon-Doyle-audiobook/dp/B07Z44CWFM/ref=sr_1_49?dchild=1&keywords=self+love&qid=1633860677&sr=8-49
44,Love Yourself: 100 Empowering Affirmations to Celebrate You,$11.69,Paperback ,4.7 out of 5 stars,https://www.amazon.com//Love-Yourself-Empowering-Affirmations-Celebrate/dp/1648766773/ref=sr_1_49?dchild=1&keywords=self+love&qid=1633860682&sr=8-49
45,Self-Love Workbook for First-Time Moms: A Road Map to Falling in Love with Yourself Again,$14.76,Paperback ,4.7 out of 5 stars,https://www.amazon.com//Self-Love-Workbook-First-Time-Moms-Yourself/dp/1648769624/ref=sr_1_50?dchild=1&keywords=self+love&qid=1633860682&sr=8-50
46,"30 Days of Self-Love: A guided journal for self-love, discovery and wellness",$14.99,Paperback ,0,https://www.amazon.com//30-Days-Self-Love-self-love-discovery/dp/B09GJQ3ST5/ref=sr_1_51?dchild=1&keywords=self+love&qid=1633860682&sr=8-51
47,"The 5 Second Rule: Transform your Life, Work, and Confidence with Everyday Courage",$0.00,Audible Audiobook ,4.5 out of 5 stars,https://www.amazon.com//The-5-Second-Rule-Mel-Robbins-audiobook/dp/B06W9M3QDJ/ref=sr_1_52?dchild=1&keywords=self+love&qid=1633860682&sr=8-52
48,Get Out of Your Own Way: Overcoming Self-Defeating Behavior,$13.99,Paperback ,4.6 out of 5 stars,https://www.amazon.com//Get-Out-Your-Own-Self-Defeating/dp/0399519904/ref=sr_1_53?dchild=1&keywords=self+love&qid=1633860682&sr=8-53
49,"Gaslighting & Narcissistic Abuse Recovery: Recover from Emotional Abuse, Recognize Narcissists & Manipulators and Break Free Once and for All",$12.99,Paperback ,4.7 out of 5 stars,https://www.amazon.com//Gaslighting-Narcissistic-Abuse-Recovery-Manipulators/dp/B091F1BDNK/ref=sr_1_55?dchild=1&keywords=self+love&qid=1633860682&sr=8-55
50,Self Love is Not Selfish: Unlocking Internal Wealth,$14.99,Paperback ,4.8 out of 5 stars,https://www.amazon.com//Self-Love-Not-Selfish-Unlocking/dp/B08T6BQ4Y7/ref=sr_1_56?dchild=1&keywords=self+love&qid=1633860682&sr=8-56
51,Malignant Self-Love: Narcissism Revisited,$33.80,Paperback ,4.7 out of 5 stars,https://www.amazon.com//Malignant-Self-Love-Narcissism-Sam-Vaknin/dp/8023833847/ref=sr_1_57?dchild=1&keywords=self+love&qid=1633860682&sr=8-57
52,"Shut up!: 7 Simple Steps to Master Your Negative Self-Talk, Understand Anxiety, Stop Beating Yourself up, Then Take Back Power, and Build Good Habits",$9.97,Paperback ,4.6 out of 5 stars,https://www.amazon.com//Shut-Negative-Self-Talk-Understand-Yourself/dp/B09DFS25XZ/ref=sr_1_58?dchild=1&keywords=self+love&qid=1633860682&sr=8-58
53,100 Things I Love About You: A Journal (100 Things I Love About You Journal),$7.96,Paperback ,4.7 out of 5 stars,https://www.amazon.com//100-Things-Love-About-You/dp/1647398207/ref=sr_1_59?dchild=1&keywords=self+love&qid=1633860682&sr=8-59
54,Love & Respect: The Love She Most Desires; The Respect He Desperately Needs,$14.45,Hardcover ,4.7 out of 5 stars,https://www.amazon.com//Love-Respect-Desires-Desperately-Needs/dp/1591451876/ref=sr_1_60?dchild=1&keywords=self+love&qid=1633860682&sr=8-60
55,Negative Self-Talk and How to Change It,$3.99,Paperback ,4.5 out of 5 stars,https://www.amazon.com//Negative-Self-Talk-Change-Helmstetter-Ph-D/dp/099708619X/ref=sr_1_62?dchild=1&keywords=self+love&qid=1633860682&sr=8-62
56,"I'm Awesome: Teen Self Esteem Journal, Workbook to Boost Self Esteem, Guide to Overcome Insecurities, Boost Your Confidence&Fall in Love with ... Book (Self-Esteem and Confidence Journals)",$7.99,Paperback ,4.5 out of 5 stars,https://www.amazon.com//Im-Awesome-Insecurities-Confidence-Self-Esteem/dp/B08K41YJCB/ref=sr_1_63?dchild=1&keywords=self+love&qid=1633860682&sr=8-63
57,"Eliminate Negative Thinking: How to Overcome Negativity, Control Your Thoughts, And Stop Overthinking. Shift Your Focus into Positive Thinking, Self-Acceptance, And Radical Self Love",$14.69,Paperback ,4.5 out of 5 stars,https://www.amazon.com//Eliminate-Negative-Thinking-Overthinking-Self-Acceptance/dp/1647800846/ref=sr_1_64?dchild=1&keywords=self+love&qid=1633860682&sr=8-64
58,"Codependency: 4 Steps to Deal with Codependency: Boost Self-Esteem, Love Yourself, Learn to Be Alone, and Stop Controlling Others.",$0.00,Audible Audiobook ,5.0 out of 5 stars,https://www.amazon.com//Codependency-Self-Esteem-Yourself-Controlling-Others/dp/B09HN7N7ZD/ref=sr_1_65?dchild=1&keywords=self+love&qid=1633860682&sr=8-65
59,How to Be Nice to Yourself: The Everyday Guide to Self Compassion: Effective Strategies to Increase Self-Love and Acceptance,$10.29,Paperback ,4.4 out of 5 stars,https://www.amazon.com//How-Nice-Yourself-Compassion-Strategies/dp/1641522615/ref=sr_1_66?dchild=1&keywords=self+love&qid=1633860682&sr=8-66
60,The Self-Love Oracle,$17.70,Cards ,4.7 out of 5 stars,https://www.amazon.com//Self-Love-Oracle-Janet-Chui/dp/1582708177/ref=sr_1_67?dchild=1&keywords=self+love&qid=1633860682&sr=8-67
61,"Self Love and Spiritual Alchemy: Transform Your Mindset, Strengthen Your Self-Worth and Manifest the Life You Desire.",$0.00,Audible Audiobook ,4.6 out of 5 stars,https://www.amazon.com//Self-Love-Spiritual-Alchemy-Strengthen/dp/B092CJ1G32/ref=sr_1_68?dchild=1&keywords=self+love&qid=1633860682&sr=8-68
62,After the Breakup: A Self-Love Journal: Prompts and Practices to Help You Get Over Your Ex,$13.49,Paperback ,5.0 out of 5 stars,https://www.amazon.com//After-Breakup-Self-Love-Journal-Practices/dp/1638070407/ref=sr_1_69?dchild=1&keywords=self+love&qid=1633860682&sr=8-69
63,"Black Girl In Love (with Herself): A Guide to Self-Love, Healing, and Creating the Life You Truly Deserve",$15.29,Paperback ,4.8 out of 5 stars,https://www.amazon.com//Black-Girl-Love-Herself-Self-Love/dp/140196026X/ref=sr_1_70?dchild=1&keywords=self+love&qid=1633860682&sr=8-70
64,"The Self-Love Workbook for Teens: A Transformative Guide to Boost Self-Esteem, Build a Healthy Mindset, and Embrace Your True Self (Self-Love Books)",$12.69,Paperback ,4.7 out of 5 stars,https://www.amazon.com//Self-Love-Workbook-Teens-Transformative-Self-Esteem/dp/1646040104/ref=sr_1_71?dchild=1&keywords=self+love&qid=1633860682&sr=8-71
65,"The Self Care Prescription: Powerful Solutions to Manage Stress, Reduce Anxiety & Increase Wellbeing",$9.58,Paperback ,4.6 out of 5 stars,https://www.amazon.com//Self-Care-Prescription-Solutions-Wellbeing/dp/164152393X/ref=sr_1_72?dchild=1&keywords=self+love&qid=1633860682&sr=8-72
66,The Self-Love Superpower: The Magical Art of Approving of Yourself (No Matter What),$16.99,Paperback ,4.9 out of 5 stars,https://www.amazon.com//Self-Love-Superpower-Magical-Approving-Yourself/dp/0738767522/ref=sr_1_73?dchild=1&keywords=self+love&qid=1633860682&sr=8-73
67,The Self-Love Song: A Guide to Breaking Cycles and Healing Trauma: A Sweet Serenade from Your Inner Child to Your Highest Self,$18.95,Paperback ,0,https://www.amazon.com//Self-Love-Song-Breaking-Healing-Serenade/dp/1952566266/ref=sr_1_74?dchild=1&keywords=self+love&qid=1633860682&sr=8-74
68,"Guided Meditations for Deep Sleep, Self-Love & Overthinking: 10 Hours of Mindfulness Scripts, Positive Affirmations & Hypnosis for Anxiety, Deep Sleep, Healing & Relaxation",$0.00,Audible Audiobook ,0,https://www.amazon.com//Guided-Meditations-Sleep-Self-Love-Overthinking/dp/B09GD6W5HM/ref=sr_1_75?dchild=1&keywords=self+love&qid=1633860682&sr=8-75
69,Self Love is the Best Love: Empowerment Journal,$37.63,Paperback ,4.3 out of 5 stars,https://www.amazon.com//Self-Love-Best-Empowerment-Journal/dp/194328489X/ref=sr_1_76?dchild=1&keywords=self+love&qid=1633860682&sr=8-76
70,Queen Mee Self-Love Activity Journal,$19.99,Paperback ,5.0 out of 5 stars,https://www.amazon.com//Queen-Mee-Self-Love-Activity-Journal/dp/B09GXNBFQL/ref=sr_1_77?dchild=1&keywords=self+love&qid=1633860682&sr=8-77
71,The Five Levels of Attachment: Toltec Wisdom for the Modern World,$13.46,Paperback ,4.7 out of 5 stars,https://www.amazon.com//Five-Levels-Attachment-Toltec-Wisdom/dp/1938289455/ref=sr_1_78?dchild=1&keywords=self+love&qid=1633860682&sr=8-78
72,Self Love and Self Confidence Workbook: A Practical Guide to Immediately Change what Prevents You from Achieving the Happiness you Deserve and Accept Yourself as You Are Through 8 Simple Steps,$0.00,Kindle ,5.0 out of 5 stars,https://www.amazon.com//Self-Love-Confidence-Workbook-Immediately-ebook/dp/B08ZM7LB58/ref=sr_1_79?dchild=1&keywords=self+love&qid=1633860682&sr=8-79
73,"Daring Greatly: How the Courage to Be Vulnerable Transforms the Way We Live, Love, Parent, and Lead",$0.00,Audible Audiobook ,4.7 out of 5 stars,https://www.amazon.com//Daring-Greatly-Brene-Brown-audiobook/dp/B07DX6TNR1/ref=sr_1_80?dchild=1&keywords=self+love&qid=1633860682&sr=8-80
74,He Loves Me: The Matchmakers' Guide to Dating Again and Attracting the Man of Your Dreams,$14.95,Paperback ,5.0 out of 5 stars,https://www.amazon.com//He-Loves-Me-Matchmakers-Attracting/dp/1632994399/ref=sr_1_81?dchild=1&keywords=self+love&qid=1633860682&sr=8-81
75,"Self-Love Workbook Giant 30 Day Challenge for Women: Remove Self-Doubt, Build a Compassion-Mindset and Embrace-You, Self-Love Book, Fun Self-Love-Quiz ... with Color on Every Page 8.5 x 11 inches",$14.95,Paperback ,0,https://www.amazon.com//Self-Love-Workbook-Giant-Challenge-Women/dp/B09BGN8R4M/ref=sr_1_82?dchild=1&keywords=self+love&qid=1633860682&sr=8-82
76,The Witch's Guide to Manifestation: Witchcraft for the Life You Want,$13.49,Paperback ,4.8 out of 5 stars,https://www.amazon.com//Witchs-Guide-Manifestation-Witchcraft-Life/dp/1648763502/ref=sr_1_84?dchild=1&keywords=self+love&qid=1633860682&sr=8-84
77,"The Witch's Book of Self-Care: Magical Ways to Pamper, Soothe, and Care for Your Body and Spirit",$11.89,Hardcover ,4.8 out of 5 stars,https://www.amazon.com//Witchs-Book-Self-Care-Magical-Pamper/dp/1507209142/ref=sr_1_85?dchild=1&keywords=self+love&qid=1633860682&sr=8-85
78,"Love Yourself Deeply: Self-Love for Women, Recognize Your Self-Worth, Glow with Self-Confidence, Get Your Self-Esteem Back",$0.00,Audible Audiobook ,4.6 out of 5 stars,https://www.amazon.com//Love-Yourself-Deeply-Self-Confidence-Self-Esteem/dp/B09D8RXTPT/ref=sr_1_86?dchild=1&keywords=self+love&qid=1633860682&sr=8-86
79,"Self-Love and Codependency 4 Books in 1: Self-Love Workbook for Women, Resilience to Cure Codependency, Narcissistic Abuse, Anxiety in Relationship",$0.00,Audible Audiobook ,4.2 out of 5 stars,https://www.amazon.com//Self-Love-Codependency-Books-Narcissistic-Relationship/dp/B08SC22QKF/ref=sr_1_87?dchild=1&keywords=self+love&qid=1633860682&sr=8-87
80,Let Love Have the Last Word,$0.00,Audible Audiobook ,4.7 out of 5 stars,https://www.amazon.com//Let-Love-Have-Last-Word-Common-audiobook/dp/B07NDKCYV3/ref=sr_1_88?dchild=1&keywords=self+love&qid=1633860682&sr=8-88
81,Self-Love Club: Party of 1,$20.00,Paperback ,5.0 out of 5 stars,https://www.amazon.com//Self-Love-Club-Party-1-Onyx/dp/B08PLX9MNK/ref=sr_1_89?dchild=1&keywords=self+love&qid=1633860682&sr=8-89
82,"Practicing Mindfulness: 75 Essential Meditations to Reduce Stress, Improve Mental Health, and Find Peace in the Everyday",$12.79,Paperback ,4.7 out of 5 stars,https://www.amazon.com//Practicing-Mindfulness-Essential-Meditations-Everyday/dp/1641521716/ref=sr_1_90?dchild=1&keywords=self+love&qid=1633860682&sr=8-90
83,A Self-Love Journal: 100 Things I Love about Me (100 Things I Love About You),$12.99,Paperback ,5.0 out of 5 stars,https://www.amazon.com//Self-Love-Journal-Things-about-About/dp/1638073333/ref=sr_1_91?dchild=1&keywords=self+love&qid=1633860682&sr=8-91
84,"Feeding the Soul (Because It's My Business): Finding Our Way to Joy, Love, and Freedom",$16.79,Hardcover ,4.9 out of 5 stars,https://www.amazon.com//Feeding-Soul-Because-Its-Business/dp/0063080281/ref=sr_1_92?dchild=1&keywords=self+love&qid=1633860682&sr=8-92
85,"Life Begins at the End of your Comfort Zone: 74 Thoughts, Epiphanies, Affirmations and Prayers to Help You Heal",$10.99,Paperback ,0,https://www.amazon.com//Life-Begins-your-Comfort-Zone/dp/1737870711/ref=sr_1_93?dchild=1&keywords=self+love&qid=1633860682&sr=8-93
86,It's Time To Love Journal: Empower self-love by documenting love,$12.99,Paperback ,0,https://www.amazon.com//Its-Time-Love-Journal-documenting/dp/B09GJGH4P7/ref=sr_1_94?dchild=1&keywords=self+love&qid=1633860682&sr=8-94
87,"Positive Affirmations for Black Women to Increase Confidence and Self-Love: Written for BIPOC Women with a Focus on Motivation, Leadership, Healing, Growth, Health, Money, and Success",$0.00,Audible Audiobook ,4.7 out of 5 stars,https://www.amazon.com//Positive-Affirmations-Increase-Confidence-Self-Love/dp/B095WZWY8X/ref=sr_1_95?dchild=1&keywords=self+love&qid=1633860682&sr=8-95
88,Permission Granted: Kick-Ass Strategies to Bootstrap Your Way to Unconditional Self-Love,$15.26,Paperback ,4.6 out of 5 stars,https://www.amazon.com//Permission-Granted-Strategies-Bootstrap-Unconditional/dp/1608687260/ref=sr_1_96?dchild=1&keywords=self+love&qid=1633860682&sr=8-96
89,"What I Love About Me: A guided journal to boost your self love, practice positivity & embrace who you are.",$16.99,Paperback ,5.0 out of 5 stars,https://www.amazon.com//What-Love-About-Me-positivity/dp/B098CYYG7G/ref=sr_1_97?dchild=1&keywords=self+love&qid=1633860687&sr=8-97
90,For the Love of Self: A Transformational Journal,$14.97,Paperback ,4.7 out of 5 stars,https://www.amazon.com//Love-Self-Transformational-Journal/dp/1079842527/ref=sr_1_98?dchild=1&keywords=self+love&qid=1633860687&sr=8-98
91,Find Your Happy!: A Kid's Self Love Book (Empower Kids Series),$9.95,Paperback ,4.6 out of 5 stars,https://www.amazon.com//Find-Your-Happy-Kids-Self/dp/1985414031/ref=sr_1_99?dchild=1&keywords=self+love&qid=1633860687&sr=8-99
92,"Angelic Channeled Messages: Self-Love, Abundance, Awakening, Invocations and Spiritual Troubleshooting",$0.00,Kindle Edition ,0,https://www.amazon.com//dp/B09J34BB8D/ref=sr_1_100?dchild=1&keywords=self+love&qid=1633860687&sr=8-100
93,"Purposeful Perspectives: Empowering Black Women Towards Spiritual Alignment, Self-Mastery & Joy",$14.69,Paperback ,4.9 out of 5 stars,https://www.amazon.com//Purposeful-Perspectives-Empowering-Spiritual-Self-Mastery/dp/1736025805/ref=sr_1_101?dchild=1&keywords=self+love&qid=1633860687&sr=8-101
94,"The 5-Minute Gratitude Journal: Give Thanks, Practice Positivity, Find Joy",$10.79,Paperback ,4.7 out of 5 stars,https://www.amazon.com//5-Minute-Gratitude-Journal-Practice-Positivity/dp/1647397197/ref=sr_1_102?dchild=1&keywords=self+love&qid=1633860687&sr=8-102
95,"Self Help Workbook: 3 Books in 1: Self-Confidence, Self-love and Self Esteem for Women",$9.93,Hardcover ,4.3 out of 5 stars,https://www.amazon.com//Self-Help-Workbook-Self-Confidence-Self-love/dp/1801206724/ref=sr_1_103?dchild=1&keywords=self+love&qid=1633860687&sr=8-103
96,Self love is a business: OWN YOU,$20.00,Paperback ,5.0 out of 5 stars,https://www.amazon.com//Self-love-business-OWN-YOU/dp/B098CWDT5K/ref=sr_1_104?dchild=1&keywords=self+love&qid=1633860687&sr=8-104
97,Over the Top: A Raw Journey to Self-Love,$0.00,Audible Audiobook ,4.8 out of 5 stars,https://www.amazon.com//Over-Top-Jonathan-Van-Ness-audiobook/dp/B07Q386LM5/ref=sr_1_105?dchild=1&keywords=self+love&qid=1633860687&sr=8-105
98,Dear Self,$14.99,Paperback ,4.8 out of 5 stars,https://www.amazon.com//Dear-Self-This-Being-There/dp/1916366619/ref=sr_1_107?dchild=1&keywords=self+love&qid=1633860687&sr=8-107
99,The Miracle of Self-Love: The Secret Key to Open All Doors,$9.99,Kindle ,4.2 out of 5 stars,https://www.amazon.com//Miracle-Self-Love-Secret-Open-Doors-ebook/dp/B00A6CUDOU/ref=sr_1_108?dchild=1&keywords=self+love&qid=1633860687&sr=8-108
100,"The Ultimate Self-Esteem Workbook for Teens: Overcome Insecurity, Defeat Your Inner Critic, and Live Confidently",$12.19,Paperback ,4.6 out of 5 stars,https://www.amazon.com//Ultimate-Self-Esteem-Workbook-Teens-Confidently/dp/1641526106/ref=sr_1_109?dchild=1&keywords=self+love&qid=1633860687&sr=8-109
101,"Feeding the Soul (Because It's My Business): Finding Our Way to Joy, Love, and Freedom",$16.79,Hardcover ,4.9 out of 5 stars,https://www.amazon.com//Feeding-Soul-Because-Its-Business/dp/0063080281/ref=sr_1_110?dchild=1&keywords=self+love&qid=1633860687&sr=8-110
102,"Hey Girl! Self-Love Journal for Women: Embrace Wellbeing, Practice Self-Compassion & Gratitude, and Learn to Love Yourself for Who You Are",$8.99,Paperback ,4.8 out of 5 stars,https://www.amazon.com//Girl-Self-Love-Journal-Women-Self-Compassion/dp/1952821096/ref=sr_1_111?dchild=1&keywords=self+love&qid=1633860687&sr=8-111
103,"Brown Girl's Guide to Self-Love: Commit to your Self-Love Rituals with care, love, and intention",$14.99,Paperback ,5.0 out of 5 stars,https://www.amazon.com//Brown-Girls-Guide-Self-Love-intention/dp/B09981QBV8/ref=sr_1_112?dchild=1&keywords=self+love&qid=1633860687&sr=8-112
104,Self-Love and Mindfulness,$17.00,Paperback ,0,https://www.amazon.com//Self-Love-Mindfulness-Lisa-Craig/dp/B097F2N9HK/ref=sr_1_113?dchild=1&keywords=self+love&qid=1633860687&sr=8-113
105,Luna Finds Love Everywhere: A Self-Love Book for Kids,$16.95,Hardcover ,5.0 out of 5 stars,https://www.amazon.com//Luna-Finds-Love-Everywhere-Self-Love/dp/1646041925/ref=sr_1_114?dchild=1&keywords=self+love&qid=1633860687&sr=8-114
106,"Calling in ""The One"" Revised and Expanded: 7 Weeks to Attract the Love of Your Life",$15.99,Paperback ,4.5 out of 5 stars,https://www.amazon.com//Calling-One-Revised-Expanded-Attract/dp/0593139798/ref=sr_1_115?dchild=1&keywords=self+love&qid=1633860687&sr=8-115
107,Self Talk: How to Train Your Brain to Turn Negative Thinking into Positive Thinking & Practice Self Love,$0.00,Audible Audiobook ,4.3 out of 5 stars,https://www.amazon.com//Self-Talk-Negative-Thinking-Positive/dp/B075ZZPLVZ/ref=sr_1_116?dchild=1&keywords=self+love&qid=1633860687&sr=8-116
108,"Self-Love Handbook Magnified with Law of Attraction: Instantly Shift into Self-Love, Heal Your Life & Create the Abundance of Joy You Deserve",$0.00,Audible Audiobook ,4.1 out of 5 stars,https://www.amazon.com//Self-Love-Handbook-Magnified-Law-Attraction/dp/B07W8Z2P1S/ref=sr_1_118?dchild=1&keywords=self+love&qid=1633860687&sr=8-118
109,"30 Day Self Love and Affirmations Prompt Journal:: Release Tension, Stress, and Boost Self-Care",$9.99,Paperback ,0,https://www.amazon.com//Self-Love-Affirmations-Prompt-Journal/dp/B09FS5CZB9/ref=sr_1_119?dchild=1&keywords=self+love&qid=1633860687&sr=8-119
110,"My First Third, 31",$11.97,Paperback ,4.5 out of 5 stars,https://www.amazon.com//My-First-Third-Ben-Brody/dp/B08HBDRYHY/ref=sr_1_120?dchild=1&keywords=self+love&qid=1633860687&sr=8-120
111,A Love Attempt : Your Practical Guide to Love,$0.00,Kindle ,4.6 out of 5 stars,https://www.amazon.com//Love-Attempt-Your-Practical-Guide-ebook/dp/B08Z4257N5/ref=sr_1_121?dchild=1&keywords=self+love&qid=1633860687&sr=8-121
112,"Never Chase Men Again: 38 Dating Secrets to Get the Guy, Keep Him Interested, and Prevent Dead-End Relationships",$0.00,Audible Audiobook ,4.4 out of 5 stars,https://www.amazon.com//Never-Chase-Men-Again-audiobook/dp/B01369NN32/ref=sr_1_122?dchild=1&keywords=self+love&qid=1633860687&sr=8-122
113,Secrets of Divine Love: A Spiritual Journey into the Heart of Islam,$15.99,Paperback ,4.9 out of 5 stars,https://www.amazon.com//Secrets-Divine-Love-Spiritual-Journey/dp/1734231203/ref=sr_1_123?dchild=1&keywords=self+love&qid=1633860687&sr=8-123
114,BLOOM: A Journey to Self-Love,$14.99,Paperback ,4.6 out of 5 stars,https://www.amazon.com//BLOOM-Journey-Self-Love-Brittany-Travest%C3%A9/dp/0692829229/ref=sr_1_124?dchild=1&keywords=self+love&qid=1633860687&sr=8-124
115,The Book Of Affirmations Self Love,$19.99,Paperback ,4.6 out of 5 stars,https://www.amazon.com//Book-Affirmations-Self-Love/dp/1733718702/ref=sr_1_125?dchild=1&keywords=self+love&qid=1633860687&sr=8-125
116,A Year of Self-Love Page-A-Day Calendar 2022: Daily Affirmations and Actions for Self-Compassion and Self Worth.,$14.16,Calendar ,0,https://www.amazon.com//Year-Self-Love-Page-Day-Calendar/dp/1523513349/ref=sr_1_126?dchild=1&keywords=self+love&qid=1633860687&sr=8-126
117,"Self-Love Games & Activities: 125 Word Searches, Mazes, & Games to Boost Your Happiness, Resilience, & Well-Being (Puzzle Therapy)",$12.99,Paperback ,5.0 out of 5 stars,https://www.amazon.com//Self-Love-Games-Activities-Resilience-Well-Being/dp/1507216246/ref=sr_1_127?dchild=1&keywords=self+love&qid=1633860687&sr=8-127
118,"There’s More To Me: A story of experiencing radical self-love and forgiveness through a journey of owning one’s past, shame, and limiting beliefs.",$0.99,Kindle ,5.0 out of 5 stars,https://www.amazon.com//Theres-More-experiencing-self-love-forgiveness-ebook/dp/B09HP83R6N/ref=sr_1_128?dchild=1&keywords=self+love&qid=1633860687&sr=8-128
119,Master Your Emotions: A Practical Guide to Overcome Negativity and Better Manage Your Feelings (Mastery Series),$17.99,Paperback ,4.6 out of 5 stars,https://www.amazon.com//Master-Your-Emotions-Practical-Negativity/dp/1981089152/ref=sr_1_129?dchild=1&keywords=self+love&qid=1633860687&sr=8-129
120,"Self Love and Spiritual Alchemy: Transform Your Mindset, Strengthen Your Self-Worth and Manifest the Life You Desire.",$0.00,Audible Audiobook ,4.6 out of 5 stars,https://www.amazon.com//Self-Love-Spiritual-Alchemy-Strengthen/dp/B092CJ1G32/ref=sr_1_130?dchild=1&keywords=self+love&qid=1633860687&sr=8-130
121,Step by Step guide to Self-Compassion: How To Develop Self-Compassion Based On The Two Wolves Tale (The White Wolf's Way Book 1),$0.00,Kindle ,4.2 out of 5 stars,https://www.amazon.com//Step-guide-Self-Compassion-Develop-Wolves-ebook/dp/B084VV2PQN/ref=sr_1_131?dchild=1&keywords=self+love&qid=1633860687&sr=8-131
122,"A Juicy Self-Love Workbook: Unleash Your Divine Femininity: Find happiness, release self-doubt and step in to your power. Questionnaires, experiential ... meditations. Self-love workbook for women.",$24.99,Paperback ,5.0 out of 5 stars,https://www.amazon.com//Juicy-Self-Love-Workbook-Questionnaires-experiential/dp/B094VR4NXD/ref=sr_1_132?dchild=1&keywords=self+love&qid=1633860687&sr=8-132
123,Yoke: My Yoga of Self-Acceptance,$13.95,Paperback ,4.7 out of 5 stars,https://www.amazon.com//Yoke-Yoga-Self-Acceptance-Jessamyn-Stanley/dp/1523505214/ref=sr_1_133?dchild=1&keywords=self+love&qid=1633860687&sr=8-133
124,Everything a Band-Aid Can't Fix: A Teen's Guide to Healing and Dealing with Life,$18.95,Paperback ,4.7 out of 5 stars,https://www.amazon.com//Everything-Band-Aid-Cant-Fix-Healing/dp/1634894553/ref=sr_1_134?dchild=1&keywords=self+love&qid=1633860687&sr=8-134
125,Self Love Journal: 30 Day Guided Journal to Self Awareness,$17.88,Paperback ,0,https://www.amazon.com//Self-Love-Journal-Guided-Awareness/dp/B09GJPBK7W/ref=sr_1_135?dchild=1&keywords=self+love&qid=1633860687&sr=8-135
126,"Ottolenghi Test Kitchen: Shelf Love: Recipes to Unlock the Secrets of Your Pantry, Fridge, and Freezer: A Cookbook",$26.99,Paperback ,4.2 out of 5 stars,https://www.amazon.com//Ottolenghi-Test-Kitchen-Recipes-Cookbook/dp/0593234367/ref=sr_1_136?dchild=1&keywords=self+love&qid=1633860687&sr=8-136
127,Divining the Self: A Study in Yoruba Myth and Human Consciousness (Signifying (on) Scriptures),$24.95,Paperback ,4.5 out of 5 stars,https://www.amazon.com//Divining-Self-Consciousness-Signifying-Scriptures/dp/0271054069/ref=sr_1_137?dchild=1&keywords=self+love&qid=1633860687&sr=8-137
128,My Self-Love ABC's Coloring Book,$8.00,Paperback ,0,https://www.amazon.com//My-Self-Love-ABCs-Coloring-Book/dp/1736421336/ref=sr_1_138?dchild=1&keywords=self+love&qid=1633860687&sr=8-138
129,"Love Yourself: Essays on self-love, care and healing inspired by BTS",$22.99,Paperback ,5.0 out of 5 stars,https://www.amazon.com//Love-Yourself-self-love-healing-inspired/dp/0645048631/ref=sr_1_139?dchild=1&keywords=self+love&qid=1633860687&sr=8-139
130,Self Love: Finding Peace and Happiness,$19.99,Paperback ,4.9 out of 5 stars,https://www.amazon.com//Self-Love-Finding-Peace-Happiness/dp/1925682595/ref=sr_1_140?dchild=1&keywords=self+love&qid=1633860687&sr=8-140
131,Witchcraft for Self-Love : Magical Practices on the Journey to Self-Love,$2.99,Kindle ,5.0 out of 5 stars,https://www.amazon.com//Witchcraft-Self-Love-Magical-Practices-Journey-ebook/dp/B09GP2V1FF/ref=sr_1_141?dchild=1&keywords=self+love&qid=1633860687&sr=8-141
132,Free Yourself: A Guide to self love,$8.99,Paperback ,5.0 out of 5 stars,https://www.amazon.com//Free-Yourself-Guide-self-love/dp/1982263342/ref=sr_1_142?dchild=1&keywords=self+love&qid=1633860687&sr=8-142
133,"Positive Affirmations for Black Women: Over 100 Affirmations to Boost Positive Thinking, Confidence, Self-Esteem and Self-Love for Black Women",$0.00,Kindle ,0,https://www.amazon.com//Positive-Affirmations-Black-Women-Self-Esteem-ebook/dp/B09HRGMQGF/ref=sr_1_143?dchild=1&keywords=self+love&qid=1633860687&sr=8-143
134,Note To Self: A Ten Week Guided Practice in Self Love,$33.99,Paperback ,5.0 out of 5 stars,https://www.amazon.com//Note-Self-Week-Guided-Practice/dp/B09CR3ZHTH/ref=sr_1_144?dchild=1&keywords=self+love&qid=1633860687&sr=8-144
135,"Redeemed: Guide to SELF-LOVE, Journey to TRUE HAPPINESS",$9.87,Paperback ,4.9 out of 5 stars,https://www.amazon.com//Redeemed-Guide-SELF-LOVE-Journey-HAPPINESS/dp/B09DM8YSG1/ref=sr_1_146?dchild=1&keywords=self+love&qid=1633860692&sr=8-146
136,Things To Know About Self-Love: 30 Day Affirmation Guide,$8.99,Paperback ,4.5 out of 5 stars,https://www.amazon.com//Things-Know-About-Self-Love-Affirmation/dp/1095899481/ref=sr_1_147?dchild=1&keywords=self+love&qid=1633860692&sr=8-147
137,"A Year of Positive Thinking: Daily Inspiration, Wisdom, and Courage (A Year of Daily Reflections)",$10.79,Paperback ,4.7 out of 5 stars,https://www.amazon.com//Year-Positive-Thinking-Inspiration-Courage/dp/1641522410/ref=sr_1_148?dchild=1&keywords=self+love&qid=1633860692&sr=8-148
138,"Self-Love: 100+ Quotes, Reflections, and Activities to Help You Uncover and Strengthen Your Self-Love",$0.00,Audible Audiobook ,4.8 out of 5 stars,https://www.amazon.com//Self-Love-Reflections-Activities-Uncover-Strengthen/dp/B08FRR2ZSY/ref=sr_1_149?dchild=1&keywords=self+love&qid=1633860692&sr=8-149
139,"A Body to Love: Cultivate Community, Body Positivity, and Self-Love in the Age of Social Media (Dealing With Body Image Issues)",$18.95,Paperback ,0,https://www.amazon.com//Body-Love-Cultivate-Community-Positivity/dp/1642506850/ref=sr_1_150?dchild=1&keywords=self+love&qid=1633860692&sr=8-150
140,Emotional Self Care for Black Women: A Journey of Self Help: Self Care Activities for Black Women to Heal their Emotional Selves,$9.99,Paperback ,4.6 out of 5 stars,https://www.amazon.com//Emotional-Self-Care-Black-Women/dp/B08SGWD584/ref=sr_1_151?dchild=1&keywords=self+love&qid=1633860692&sr=8-151
141,"The Magic of Manifesting Love: 15 Advanced Manifestation Techniques to Stop Chasing, Start Attracting, and Become Magnetic to Your Dream Relationship (Law of Attraction Book 3)",$0.00,Kindle ,4.8 out of 5 stars,https://www.amazon.com//Magic-Manifesting-Love-Manifestation-Relationship-ebook/dp/B08XPJNW4B/ref=sr_1_152?dchild=1&keywords=self+love&qid=1633860692&sr=8-152
142,"The Biblical View of Self-Esteem, Self-Love, and Self-Image",$9.79,Paperback ,4.4 out of 5 stars,https://www.amazon.com//Biblical-View-Self-Esteem-Self-Love-Self-Image/dp/0890815534/ref=sr_1_153?dchild=1&keywords=self+love&qid=1633860692&sr=8-153
143,"Self-Love Workbook: Love and Heal Yourself with Mindfulness, Forgiveness, Loving-Kindness & Authentic Self-Expression",$35.00,Paperback ,4.7 out of 5 stars,https://www.amazon.com//Self-Love-Workbook-Mindfulness-Loving-Kindness-Self-Expression/dp/B0898Z75JC/ref=sr_1_154?dchild=1&keywords=self+love&qid=1633860692&sr=8-154
144,Loving: A Photographic History of Men in Love 1850s-1950s,$46.99,Hardcover ,4.9 out of 5 stars,https://www.amazon.com//Loving-Photographic-History-Love-1850s-1950s/dp/8874399286/ref=sr_1_156?dchild=1&keywords=self+love&qid=1633860692&sr=8-156
145,Self-Love Journal: A journey to inner peace and happiness,$18.49,Paperback ,5.0 out of 5 stars,https://www.amazon.com//Self-Love-Journal-journey-inner-happiness/dp/1925924459/ref=sr_1_157?dchild=1&keywords=self+love&qid=1633860692&sr=8-157
146,Self Care Workbook for Teens: Becoming Who You Are With Self Love & Compassion,$7.99,Paperback ,5.0 out of 5 stars,https://www.amazon.com//Self-Care-Workbook-Teens-Compassion/dp/B099XQCKD6/ref=sr_1_158?dchild=1&keywords=self+love&qid=1633860692&sr=8-158
147,Find Your F*cking Happy: A Journal to Help Pave the Way for Positive Sh*t Ahead (Zen as F*ck Journals),$10.49,Paperback ,4.7 out of 5 stars,https://www.amazon.com//Find-Your-cking-Happy-Positive/dp/1250214270/ref=sr_1_159?dchild=1&keywords=self+love&qid=1633860692&sr=8-159
148,"BEST SELF: Self help book for Women to Work on self Worth, Love and Care, and Discover inner Happiness",$10.99,Paperback ,4.7 out of 5 stars,https://www.amazon.com//BEST-SELF-Women-Discover-Happiness/dp/B09CRKQJ8F/ref=sr_1_160?dchild=1&keywords=self+love&qid=1633860692&sr=8-160
149,"Stop Yelling and Love Me More, Please Mom.: Positive Parenting Is Easier than You Think: Happy Mom, Book 1",$0.00,Audible Audiobook ,4.4 out of 5 stars,https://www.amazon.com//Stop-Yelling-Love-More-Please/dp/B07VXKRX58/ref=sr_1_161?dchild=1&keywords=self+love&qid=1633860692&sr=8-161
150,Love. Heartbreak. Happiness. Pain,$10.10,Paperback ,5.0 out of 5 stars,https://www.amazon.com//Love-Heartbreak-Happiness-Pain-Coleman/dp/0578866986/ref=sr_1_162?dchild=1&keywords=self+love&qid=1633860692&sr=8-162
151,The Love Hypothesis,$9.99,Kindle ,4.7 out of 5 stars,https://www.amazon.com//Love-Hypothesis-Ali-Hazelwood-ebook/dp/B08T6XN4FP/ref=sr_1_163?dchild=1&keywords=self+love&qid=1633860692&sr=8-163
152,Wired for Love: How Understanding Your Partner's Brain and Attachment Style Can Help You Defuse Conflict and Build a Secure Relationship,$17.95,Paperback ,4.6 out of 5 stars,https://www.amazon.com//Wired-Love-Understanding-Attachment-Relationship/dp/1608820580/ref=sr_1_165?dchild=1&keywords=self+love&qid=1633860692&sr=8-165
153,Calm as Ever: Black Women Self Care Journal (90 Days) of Gratitude and Self Love,$10.99,Paperback ,4.8 out of 5 stars,https://www.amazon.com//Calm-Ever-Black-Journal-Gratitude/dp/1734879750/ref=sr_1_166?dchild=1&keywords=self+love&qid=1633860692&sr=8-166
154,My self love ABC’s,$14.99,Paperback ,4.9 out of 5 stars,https://www.amazon.com//self-love-ABCs-Gabreiel-Outlaw-Spencer/dp/0578674505/ref=sr_1_167?dchild=1&keywords=self+love&qid=1633860692&sr=8-167
155,What Really Is: How would life look if we knew that we are not our thoughts?,$0.00,Kindle ,4.4 out of 5 stars,https://www.amazon.com//What-Really-would-life-thoughts-ebook/dp/B09BFYTHCJ/ref=sr_1_168?dchild=1&keywords=self+love&qid=1633860692&sr=8-168
156,You Can't Break up with Yourself: Falling in Epic Love with Your Life,$18.88,Paperback ,5.0 out of 5 stars,https://www.amazon.com//You-Cant-Break-Yourself-Falling/dp/1736892703/ref=sr_1_169?dchild=1&keywords=self+love&qid=1633860692&sr=8-169
157,"Guide To Thrive Journal: Your 90 Day Guide To Gratitude, Productivity and Growth.",$12.99,Paperback ,4.9 out of 5 stars,https://www.amazon.com//Guide-Thrive-Journal-Gratitude-Productivity/dp/B094988Y9L/ref=sr_1_170?dchild=1&keywords=self+love&qid=1633860692&sr=8-170
158,The 7 Habits of Self-Loving People: A Powerful Approach to Self-Love,$0.00,Audible Audiobook ,4.0 out of 5 stars,https://www.amazon.com//Habits-Self-Loving-People-Powerful-Self-Love/dp/B01DCKO910/ref=sr_1_171?dchild=1&keywords=self+love&qid=1633860692&sr=8-171
159,"Revolution of the Soul: Awaken to Love Through Raw Truth, Radical Healing, and Conscious Action",$13.99,Hardcover ,4.7 out of 5 stars,https://www.amazon.com//Revolution-Soul-Through-Radical-Conscious/dp/1622039173/ref=sr_1_172?dchild=1&keywords=self+love&qid=1633860692&sr=8-172
160,A Man's Way through Relationships: Learning to Love and Be Loved,$13.44,Paperback ,4.6 out of 5 stars,https://www.amazon.com//Mans-Way-through-Relationships-Learning/dp/193761266X/ref=sr_1_173?dchild=1&keywords=self+love&qid=1633860692&sr=8-173
161,"Confidence & Self-Love Secrets: 4 Manuscripts: Jealousy, Self-Esteem for Women, Self-Compassion, Mental Toughness (Psychology Self-Help, Book 14)",$0.00,Audible Audiobook ,0,https://www.amazon.com//Confidence-Self-Love-Secrets-Manuscripts-Self-Compassion/dp/B07L6QDTL3/ref=sr_1_174?dchild=1&keywords=self+love&qid=1633860692&sr=8-174
162,"Men Don't Love Women Like You!: The Brutal Truth About Dating, Relationships, and How to Go from Placeholder to Game Changer",$0.00,Audible Audiobook ,4.5 out of 5 stars,https://www.amazon.com//Men-Dont-Love-Women-Like-You-audiobook/dp/B01ITS1Y18/ref=sr_1_175?dchild=1&keywords=self+love&qid=1633860692&sr=8-175
163,"SELF-LOVE CLUB - VOLUME 1: Stories From Women Who Have Learned To Love, Accept, and Embrace Themselves, No Matter What",$17.75,Paperback ,4.5 out of 5 stars,https://www.amazon.com//SELF-LOVE-CLUB-Stories-Learned-Themselves/dp/1777017718/ref=sr_1_176?dchild=1&keywords=self+love&qid=1633860692&sr=8-176
164,"Anxiety in Relationship and Codependent No More: The Comprehensive Guide to Revitalize Your Life by Reducing Conflict, Increasing Intimacy & Learning the Language of True Love. Q&A & Case Studies.",$0.00,Kindle ,5.0 out of 5 stars,https://www.amazon.com//Anxiety-Relationship-Codependent-More-Comprehensive-ebook/dp/B09HKS88GX/ref=sr_1_177?dchild=1&keywords=self+love&qid=1633860692&sr=8-177
165,30 Days of Self Love,$10.25,Paperback ,0,https://www.amazon.com//Days-Self-Love-Chelsea-Kai/dp/B09F14PZYN/ref=sr_1_178?dchild=1&keywords=self+love&qid=1633860692&sr=8-178
166,From Heartbreak to Self-Love,$14.99,Paperback ,4.5 out of 5 stars,https://www.amazon.com//Heartbreak-Self-Love-M-Sosa/dp/0995153329/ref=sr_1_179?dchild=1&keywords=self+love&qid=1633860692&sr=8-179
167,"The DBT Skills Workbook for Teens: A Fun Guide to Manage Anxiety and Stress, Understand Your Emotions and Learn Effective Communication Skills",$16.97,Paperback ,4.7 out of 5 stars,https://www.amazon.com//DBT-Skills-Workbook-Teens-Communication/dp/1914986008/ref=sr_1_181?dchild=1&keywords=self+love&qid=1633860692&sr=8-181
168,"Love Me, Don't Leave Me: Overcoming Fear of Abandonment and Building Lasting, Loving Relationships",$16.01,Paperback ,4.6 out of 5 stars,https://www.amazon.com//Love-Dont-Leave-Abandonment-Relationships/dp/1608829529/ref=sr_1_182?dchild=1&keywords=self+love&qid=1633860692&sr=8-182
169,This Year I Will...: A 52-Week Guided Journal to Achieve Your Goals,$11.61,Paperback ,4.6 out of 5 stars,https://www.amazon.com//This-Year-Will-52-Week-Journal/dp/1641523670/ref=sr_1_183?dchild=1&keywords=self+love&qid=1633860692&sr=8-183
170,The CBT Workbook for Mental Health: Evidence-Based Exercises to Transform Negative Thoughts and Manage Your Well-Being,$16.19,Paperback ,4.8 out of 5 stars,https://www.amazon.com//CBT-Workbook-Mental-Health-Evidence-Based/dp/1647398053/ref=sr_1_184?dchild=1&keywords=self+love&qid=1633860692&sr=8-184
171,Black Girls Love Themselves: A Self-Love Journal with Prompts,$9.99,Paperback ,0,https://www.amazon.com//Black-Girls-Love-Themselves-Self-Love/dp/B09FS598VS/ref=sr_1_187?dchild=1&keywords=self+love&qid=1633860692&sr=8-187
172,The Essential Self Compassion Workbook for Teens: Overcome Your Inner Critic and Fully Embrace Yourself,$13.72,Paperback ,4.8 out of 5 stars,https://www.amazon.com//Essential-Self-Compassion-Workbook-Teens/dp/1646117778/ref=sr_1_188?dchild=1&keywords=self+love&qid=1633860692&sr=8-188
173,"Let's Chat About Love: Romantic Love, Self Love and the Ultimate, God's Love",$15.00,Paperback ,5.0 out of 5 stars,https://www.amazon.com//Lets-Chat-About-Love-Romantic/dp/B09BY28661/ref=sr_1_189?dchild=1&keywords=self+love&qid=1633860692&sr=8-189
174,Better Daily Self-Care Habits: Simple Changes with Lifelong Impact (Habits series),$13.49,Paperback ,5.0 out of 5 stars,https://www.amazon.com//Better-Daily-Self-Care-Habits-Lifelong/dp/1648769799/ref=sr_1_190?dchild=1&keywords=self+love&qid=1633860692&sr=8-190
175,Rediscovery after RecoverRecovery: War for each promise. Declare truth. Expect even more in faith.,$25.00,Kindle ,0,https://www.amazon.com//Rediscovery-after-RecoverRecovery-promise-Declare-ebook/dp/B09J2VFBNK/ref=sr_1_191?dchild=1&keywords=self+love&qid=1633860692&sr=8-191
176,"It's Your Body: Move It, Love It, Live",$8.49,Kindle ,5.0 out of 5 stars,https://www.amazon.com//Its-Your-Body-Move-Love-ebook/dp/B09D8WYWM9/ref=sr_1_192?dchild=1&keywords=self+love&qid=1633860692&sr=8-192
177,The Maxx METHOD: How to Love Yourself and Become Who You Are Meant to Be,$16.99,Paperback ,4.8 out of 5 stars,https://www.amazon.com//Maxx-METHOD-Yourself-Become-Meant/dp/1641843985/ref=sr_1_193?dchild=1&keywords=self+love&qid=1633860696&sr=8-193
178,"Fierce Self-Compassion: How Women Can Harness Kindness to Speak Up, Claim Their Power, and Thrive",$20.49,Hardcover ,4.7 out of 5 stars,https://www.amazon.com//Fierce-Self-Compassion-Harness-Kindness-Thrive/dp/006299106X/ref=sr_1_195?dchild=1&keywords=self+love&qid=1633860696&sr=8-195
179,"Mental Health Journal for Men: Creative Prompts, Practices, and Exercises to Bolster Wellness",$13.49,Paperback ,4.6 out of 5 stars,https://www.amazon.com//Mental-Health-Journal-Men-Practices/dp/1647396255/ref=sr_1_196?dchild=1&keywords=self+love&qid=1633860696&sr=8-196
180,breathe.: a guided healing journal for black men,$13.49,Paperback ,4.8 out of 5 stars,https://www.amazon.com//breathe-guided-healing-journal-black/dp/0578739356/ref=sr_1_197?dchild=1&keywords=self+love&qid=1633860696&sr=8-197
181,I Am The Love Of My Life: Unbroken,$16.00,Paperback ,4.6 out of 5 stars,https://www.amazon.com//Am-Love-My-Life-Unbroken/dp/1512356573/ref=sr_1_198?dchild=1&keywords=self+love&qid=1633860696&sr=8-198
182,24 Owls Coloring Calendar 2022: Mini Calendar Monthly Planner With Love Kindness Gratitude Happiness Quotes,$11.45,Paperback ,0,https://www.amazon.com//Owls-Coloring-Calendar-2022-Gratitude/dp/B09HFXWT2Y/ref=sr_1_199?dchild=1&keywords=self+love&qid=1633860696&sr=8-199
183,Spiritual Self Care for Black Women: A Spiritual Journal for Self-Discovery. 12 Month Notebook & Guided Planner with Prompts & Self Reflection Activities,$9.99,Paperback ,4.6 out of 5 stars,https://www.amazon.com//Spiritual-Self-Care-Black-Women/dp/B08TQ4T6ZF/ref=sr_1_200?dchild=1&keywords=self+love&qid=1633860696&sr=8-200
184,"Love, Sex and Philosophy",$14.89,Paperback ,4.7 out of 5 stars,https://www.amazon.com//Love-Sex-Philosophy-Travis-Woods/dp/0646822527/ref=sr_1_201?dchild=1&keywords=self+love&qid=1633860696&sr=8-201
185,Self-Love Project: Self-Love Accountability Journal,$15.00,Paperback ,4.6 out of 5 stars,https://www.amazon.com//Self-Love-Project-Accountability-Journal/dp/B08RRMT2HZ/ref=sr_1_202?dchild=1&keywords=self+love&qid=1633860696&sr=8-202
186,"The Passion Principles: The Key to a More Fulfilling, More Creative Life",$0.00,Kindle ,4.2 out of 5 stars,https://www.amazon.com//Passion-Principles-More-Fulfilling-Creative-ebook/dp/B01HIMLZ2E/ref=sr_1_204?dchild=1&keywords=self+love&qid=1633860696&sr=8-204
187,A Dose of Self Love,$11.11,Paperback ,4.6 out of 5 stars,https://www.amazon.com//Dose-Self-Love-Cosmic-Byron/dp/1798072874/ref=sr_1_205?dchild=1&keywords=self+love&qid=1633860696&sr=8-205
188,"What Happened to You?: Conversations on Trauma, Resilience, and Healing",$0.00,Audible Audiobook ,4.7 out of 5 stars,https://www.amazon.com//What-Happened-You-Conversations-Resilience/dp/B08PW4Q284/ref=sr_1_206?dchild=1&keywords=self+love&qid=1633860696&sr=8-206
189,Laundry Love: Finding Joy in a Common Chore,$22.99,Hardcover ,4.7 out of 5 stars,https://www.amazon.com//Laundry-Love-Finding-Common-Chore/dp/1250235197/ref=sr_1_207?dchild=1&keywords=self+love&qid=1633860696&sr=8-207
190,"But first, Self-Love",$15.99,Paperback ,5.0 out of 5 stars,https://www.amazon.com//But-first-Self-Love-L-Mondini/dp/B092L18X2Q/ref=sr_1_208?dchild=1&keywords=self+love&qid=1633860696&sr=8-208
191,How to Love Yourself (and Sometimes Other People): Spiritual Advice for Modern Relationships,$0.00,Audible Audiobook ,4.5 out of 5 stars,https://www.amazon.com//Love-Yourself-Sometimes-Other-People/dp/B07MTPBQVP/ref=sr_1_209?dchild=1&keywords=self+love&qid=1633860696&sr=8-209
192,"Self Esteem for Women: a Comprehensive Guide to Overcome Doubt and Insecurity, Improve Your Confidence and Build a Strong Mental Attitude through both ... Practical Workbooks (Self Help for Women)",$0.00,Kindle ,4.8 out of 5 stars,https://www.amazon.com//Self-Esteem-Women-Comprehensive-Theoretical-ebook/dp/B08MCP7BHG/ref=sr_1_210?dchild=1&keywords=self+love&qid=1633860696&sr=8-210
193,Radical Compassion: Learning to Love Yourself and Your World with the Practice of RAIN,$13.99,Kindle ,4.8 out of 5 stars,https://www.amazon.com//Radical-Compassion-Learning-Yourself-Practice-ebook/dp/B07QXG5HPH/ref=sr_1_211?dchild=1&keywords=self+love&qid=1633860696&sr=8-211
194,I Love Me... Self Gratitude: Notebook,$8.99,Paperback ,5.0 out of 5 stars,https://www.amazon.com//Love-Me-Self-Gratitude-Notebook/dp/B09GZFBCJD/ref=sr_1_212?dchild=1&keywords=self+love&qid=1633860696&sr=8-212
195,How To Get Unstuck From The Negative Muck: A Kid's Guide To Getting Rid Of Negative Thinking (How To Get Unstuck From The Negative Muck - Series),$12.37,Paperback ,4.6 out of 5 stars,https://www.amazon.com//How-Get-Unstuck-Negative-Muck/dp/0985360925/ref=sr_1_213?dchild=1&keywords=self+love&qid=1633860696&sr=8-213
196,Tales of a Future Cat Lady,$7.99,Kindle Edition ,5.0 out of 5 stars,https://www.amazon.com//Tales-Future-Lady-Starr-M-D-ebook/dp/B09HZ322G8/ref=sr_1_214?dchild=1&keywords=self+love&qid=1633860696&sr=8-214
197,How to Forgive When You Can't: The Breakthrough Guide to Free Your Heart and Mind - 4th EDITION,$13.95,Paperback ,4.5 out of 5 stars,https://www.amazon.com//How-Forgive-When-You-Cant/dp/0982430744/ref=sr_1_215?dchild=1&keywords=self+love&qid=1633860696&sr=8-215
198,Divine Love Self Healing,$14.99,Paperback ,4.5 out of 5 stars,https://www.amazon.com//Divine-Love-Healing-Robert-Fritchie/dp/099769050X/ref=sr_1_216?dchild=1&keywords=self+love&qid=1633860696&sr=8-216
199,The Book of Light: Illuminate Your Life with Self-Love,$12.99,Paperback ,4.7 out of 5 stars,https://www.amazon.com//Book-Light-Illuminate-Your-Self-Love/dp/1788173929/ref=sr_1_217?dchild=1&keywords=self+love&qid=1633860696&sr=8-217
200,Please Love Me at My Worst,$12.99,Paperback ,0,https://www.amazon.com//Please-Love-Me-My-Worst/dp/1524868698/ref=sr_1_218?dchild=1&keywords=self+love&qid=1633860696&sr=8-218
201,Life Styled by You: a 30 day workbook to cultivating self love,$18.99,Paperback ,4.9 out of 5 stars,https://www.amazon.com//Life-Styled-You-workbook-cultivating/dp/1662913451/ref=sr_1_219?dchild=1&keywords=self+love&qid=1633860696&sr=8-219
202,"Winning the War in Your Mind: Change Your Thinking, Change Your Life",$15.99,Hardcover ,4.8 out of 5 stars,https://www.amazon.com//Winning-War-Your-Mind-Thinking/dp/0310362725/ref=sr_1_220?dchild=1&keywords=self+love&qid=1633860696&sr=8-220
203,A Love for Me: Poetry Book for Woman,$10.99,Paperback ,4.5 out of 5 stars,https://www.amazon.com//Love-Me-Poetry-Book-Woman/dp/B08GV8ZVJZ/ref=sr_1_221?dchild=1&keywords=self+love&qid=1633860696&sr=8-221
204,"How do you get Over Someone?: A-to-Z on how to get Over Lost Love, how to get Over Someone you Loved, Getting Over Someone you Love, Getting Over a Crush, get Over a Broken Heart",$13.58,Paperback ,4.7 out of 5 stars,https://www.amazon.com//How-you-get-Over-Someone/dp/B098DZPRKB/ref=sr_1_222?dchild=1&keywords=self+love&qid=1633860696&sr=8-222
205,"Learn to Love Yourself Again: A Step-by-Step Guide to Conquer Self-Hatred, Ditch Self-Loathing, & Cultivate Self-Compassion (Mental & Emotional Wellness)",$10.96,Paperback ,4.5 out of 5 stars,https://www.amazon.com//Learn-Yourself-Again-Step-Step/dp/B08JF2DH3S/ref=sr_1_223?dchild=1&keywords=self+love&qid=1633860696&sr=8-223
206,"Daily Rituals: Positive Affirmations to Attract Love, Happiness and Peace",$6.99,Paperback ,4.7 out of 5 stars,https://www.amazon.com//Daily-Rituals-Positive-Affirmations-Happiness/dp/0995411980/ref=sr_1_224?dchild=1&keywords=self+love&qid=1633860696&sr=8-224
207,"Self Love for Women: The 7 day Revolution: Love Yourself & You Will Be Loved High Self-Esteem, Confidence, Self-Awareness, Inner Peace, Hypnosis, Affirmations, Anxiety & Power of Letting Go",$0.00,Kindle ,0,https://www.amazon.com//Self-Love-Women-Self-Awareness-Affirmations-ebook/dp/B09J1KPSJK/ref=sr_1_225?dchild=1&keywords=self+love&qid=1633860696&sr=8-225
208,The Magic Is Inside You: Powerful & Positive Thinking For Confident Kids,$14.00,Paperback ,4.6 out of 5 stars,https://www.amazon.com//Magic-Inside-You-Powerful-Confident/dp/1985557258/ref=sr_1_226?dchild=1&keywords=self+love&qid=1633860696&sr=8-226
209,"My Mini Book of Mighty Mantras: A Daily Dose of Love, Wisdom, and Mindfulness... A daily reminder of our power, purpose, and potential. (My Mini Books Series 1)",$2.99,Kindle ,4.6 out of 5 stars,https://www.amazon.com//Mini-Book-Mighty-Mantras-Mindfulness-ebook/dp/B07LHCXPD3/ref=sr_1_227?dchild=1&keywords=self+love&qid=1633860696&sr=8-227
210,"Self Care Journal For Women: Self Love, Self Discovery Journal, Setting Boundaries, Improving Self Esteem, Happiness and Joy",$14.99,Paperback ,5.0 out of 5 stars,https://www.amazon.com//Self-Care-Journal-Women-Boundaries/dp/B09F1CGQ8X/ref=sr_1_228?dchild=1&keywords=self+love&qid=1633860696&sr=8-228
211,Affirmations for Self-Love and Healing: For the Aching Heart and Anxious Mind,$8.77,Paperback ,4.9 out of 5 stars,https://www.amazon.com//Affirmations-Self-Love-Healing-Aching-Anxious/dp/B08M88KPG1/ref=sr_1_229?dchild=1&keywords=self+love&qid=1633860696&sr=8-229
212,"10,000+ Positive Affirmations: Affirmations for Health, Success, Wealth, Love, Happiness, Fitness, Weight Loss, Self-Esteem, Confidence, Sleep, Healing, Abundance, Motivational Quotes, and Much More!",$0.00,Audible Audiobook ,4.7 out of 5 stars,https://www.amazon.com//000-Positive-Affirmations-Self-Esteem-Motivational/dp/B08SH51GDN/ref=sr_1_230?dchild=1&keywords=self+love&qid=1633860696&sr=8-230
213,"Happy Mindset Little Journal: Kids Interactive Journal Prompts and Daily Activities to Help Children Develop a Growth Mindset. Colorful, Self-Learning and Fun! (Ages 6-12)",$12.95,Paperback ,4.7 out of 5 stars,https://www.amazon.com//Happy-Mindset-Little-Journal-Self-Learning/dp/0578781379/ref=sr_1_231?dchild=1&keywords=self+love&qid=1633860696&sr=8-231
214,Clarity & Connection,$14.99,Paperback ,4.9 out of 5 stars,https://www.amazon.com//Clarity-Connection-Yung-Pueblo/dp/1524860484/ref=sr_1_232?dchild=1&keywords=self+love&qid=1633860696&sr=8-232
215,Train Your Dragon To Love Himself: A Dragon Book To Give Children Positive Affirmations. A Cute Children Story To Teach Kids To Love Who They Are. (My Dragon Books) (Volume 13),$12.95,Paperback ,4.7 out of 5 stars,https://www.amazon.com//Train-Your-Dragon-Love-Himself/dp/1948040360/ref=sr_1_233?dchild=1&keywords=self+love&qid=1633860696&sr=8-233
216,"30-Day Journal to Build Self Love: Journaling to Strengthen the Mind and Soul, for All Ages, Self Help and Love, Building Good Habits",$14.99,Paperback ,5.0 out of 5 stars,https://www.amazon.com//30-Day-Journal-Build-Self-Love/dp/B09HG2FC45/ref=sr_1_234?dchild=1&keywords=self+love&qid=1633860696&sr=8-234
217,The Self-Compassion Deck (50 Mindfulness-Based Practices),$16.99,Cards ,4.5 out of 5 stars,https://www.amazon.com//Self-Compassion-Deck-50-Mindfulness-Based-Practices/dp/1683730380/ref=sr_1_235?dchild=1&keywords=self+love&qid=1633860696&sr=8-235
218,Essence way of self love,$5.99,Kindle ,5.0 out of 5 stars,https://www.amazon.com//Essence-self-love-Tiffanie-Ferguson-ebook/dp/B09HWLGSGV/ref=sr_1_237?dchild=1&keywords=self+love&qid=1633860696&sr=8-237
219,Positive You: A Personal Growth Journal for Women,$13.49,Paperback ,4.8 out of 5 stars,https://www.amazon.com//Positive-You-Personal-Growth-Journal/dp/1648766714/ref=sr_1_238?dchild=1&keywords=self+love&qid=1633860696&sr=8-238
220,MEN WHO CAN'T LOVE,$9.99,Kindle ,4.6 out of 5 stars,https://www.amazon.com//MEN-CANT-LOVE-Steven-Carter-ebook/dp/B006VOMKV6/ref=sr_1_240?dchild=1&keywords=self+love&qid=1633860696&sr=8-240
221,Your Soul's Love: Living the Love You Planned Before You Were Born,$0.00,Audible Audiobook ,4.7 out of 5 stars,https://www.amazon.com//Your-Souls-Love-Living-Planned/dp/B095PLJ8RV/ref=sr_1_241?dchild=1&keywords=self+love&qid=1633860700&sr=8-241
222,Spiritual Self Care for Black Women: Practical and Inspiring Ways to Love Yourself More,$0.00,Audible Audiobook ,4.9 out of 5 stars,https://www.amazon.com//Spiritual-Self-Care-Black-Women/dp/B09BZT1ZRD/ref=sr_1_242?dchild=1&keywords=self+love&qid=1633860700&sr=8-242
223,The Mental Health Mixtape for Black Men: Holistic Workbook and Journal With Activities To Improve Wellness and Alleviate Depression and Anxiety for Black Men Who Want To Do the Work,$12.99,Paperback ,5.0 out of 5 stars,https://www.amazon.com//Mental-Health-Mixtape-Black-Men/dp/B0991CGWFM/ref=sr_1_243?dchild=1&keywords=self+love&qid=1633860700&sr=8-243
224,"A Gay Man's Guide to Life: Get Real, Stand Tall, and Take Your Place",$0.00,Audible Audiobook ,4.5 out of 5 stars,https://www.amazon.com//Gay-Mans-Guide-Life-Stand/dp/B08CYB847R/ref=sr_1_244?dchild=1&keywords=self+love&qid=1633860700&sr=8-244
225,Unfu*k Yourself: Get Out of Your Head and into Your Life,$0.00,Audible Audiobook ,4.6 out of 5 stars,https://www.amazon.com//Unfu-k-Yourself-Gary-John-Bishop-audiobook/dp/B0731QJ482/ref=sr_1_245?dchild=1&keywords=self+love&qid=1633860700&sr=8-245
226,Rebundle: Self Love Guide,$20.00,Paperback ,0,https://www.amazon.com//Rebundle-Self-Guide-Qween-Shak/dp/B09FNP49KM/ref=sr_1_246?dchild=1&keywords=self+love&qid=1633860700&sr=8-246
227,The Self Confidence Workbook: A Guide to Overcoming Self-Doubt and Improving Self-Esteem,$13.26,Paperback ,4.6 out of 5 stars,https://www.amazon.com//Self-Confidence-Workbook-Overcoming-Self-Esteem/dp/1641521481/ref=sr_1_247?dchild=1&keywords=self+love&qid=1633860700&sr=8-247
228,The Positive Thinking Workbook: Quiet Your Inner Critic and Build a Strong Foundation for a Positive Mindset (Workbook Series),$16.19,Paperback ,4.7 out of 5 stars,https://www.amazon.com//Positive-Thinking-Workbook-Foundation-Mindset/dp/164876827X/ref=sr_1_248?dchild=1&keywords=self+love&qid=1633860700&sr=8-248
229,The 5 Commandments of Self-Love: A Journey of Honoring and Accepting Yourself,$15.07,Kindle ,5.0 out of 5 stars,https://www.amazon.com//Commandments-Self-Love-Honoring-Accepting-Yourself-ebook/dp/B082J6HGSF/ref=sr_1_249?dchild=1&keywords=self+love&qid=1633860700&sr=8-249
230,Your Body Is Not an Apology Workbook: Tools for Living Radical Self-Love,$13.99,Paperback ,4.8 out of 5 stars,https://www.amazon.com//Your-Body-Not-Apology-Workbook/dp/1523091169/ref=sr_1_250?dchild=1&keywords=self+love&qid=1633860700&sr=8-250
231,you are enough: a tale of healing and self-love,$9.00,Paperback ,4.4 out of 5 stars,https://www.amazon.com//you-are-enough-healing-self-love/dp/1097626121/ref=sr_1_251?dchild=1&keywords=self+love&qid=1633860700&sr=8-251
232,"Words of Wisdom for Teens (The Complete Collection, Book 1-3): Books to Help Teen Girls Conquer Negative Thinking, Be Positive, and Live with Confidence",$24.95,Paperback ,5.0 out of 5 stars,https://www.amazon.com//Words-Wisdom-Teens-Complete-Collection/dp/1952719100/ref=sr_1_252?dchild=1&keywords=self+love&qid=1633860700&sr=8-252
233,"Awakening the Goddess: 33 Sacred Practices for Healing, Self-Love & Embodying the Divine Feminine",$14.97,Paperback ,4.6 out of 5 stars,https://www.amazon.com//Awakening-Goddess-Practices-Self-Love-Embodying/dp/1724688197/ref=sr_1_253?dchild=1&keywords=self+love&qid=1633860700&sr=8-253
234,"Here Sister, Let Me Help You Up: Messages of Sisterhood, Self-Care, and Body Love",$14.49,Hardcover ,5.0 out of 5 stars,https://www.amazon.com//Here-Sister-Let-Help-You/dp/1250276446/ref=sr_1_254?dchild=1&keywords=self+love&qid=1633860700&sr=8-254
235,"Black Girl Magic Notebook: Journal to promote self love and self care for women.: 120 Pages 6""x9"" Gift for African American Women",$9.99,Paperback ,0,https://www.amazon.com//Black-Girl-Magic-Notebook-American/dp/B09B1L6RH5/ref=sr_1_255?dchild=1&keywords=self+love&qid=1633860700&sr=8-255
236,She Speaks Self Love: A Young Woman's Guide to Self Love,$15.00,Paperback ,5.0 out of 5 stars,https://www.amazon.com//She-Speaks-Self-Love-Womans/dp/B08D4VSBV8/ref=sr_1_256?dchild=1&keywords=self+love&qid=1633860700&sr=8-256
237,How to Love Yourself: A Guide to Building Your Self-Esteem When You Don't Know Where to Start,$7.99,Paperback ,4.0 out of 5 stars,https://www.amazon.com//How-Love-Yourself-Building-Self-Esteem/dp/1502394138/ref=sr_1_257?dchild=1&keywords=self+love&qid=1633860700&sr=8-257
238,Confidence: Your Practical Training: How to Develop Healthy Self Esteem and Deep Self Confidence to Be Successful and Become True Friends with Yourself (Master Your Emotional Intelligence),$0.00,Kindle ,4.3 out of 5 stars,https://www.amazon.com//Confidence-Practical-Training-Successful-Psychology-ebook/dp/B01G96L7SC/ref=sr_1_258?dchild=1&keywords=self+love&qid=1633860700&sr=8-258
239,"Feelings First Shadow Work: A Simple Approach to Self Love and Emotional Mastery (With Journal Prompts) (Self Love and Shadow Work - From Awakening to Ascended - Emotional Mastery, Book 1)",$0.00,Audible Audiobook ,4.6 out of 5 stars,https://www.amazon.com//Feelings-First-Shadow-Work-Emotional/dp/B095ZZ81SZ/ref=sr_1_260?dchild=1&keywords=self+love&qid=1633860700&sr=8-260
240,"You Are Amazing As Fuck Love Your Self, A Self Care Journal For Black Women: Funny Guided Self Care Journal For Women And Teens, manifestation journal for black women",$6.99,Paperback ,0,https://www.amazon.com//Amazing-Fuck-Journal-Black-Women/dp/B09FS9NF8W/ref=sr_1_261?dchild=1&keywords=self+love&qid=1633860700&sr=8-261
241,Self-Care Check-In: A Guided Journal to Build Healthy Habits and Devote Time to You,$11.69,Paperback ,4.5 out of 5 stars,https://www.amazon.com//Self-Care-Check-Guided-Journal-Healthy/dp/1646116607/ref=sr_1_262?dchild=1&keywords=self+love&qid=1633860700&sr=8-262
242,"Exhale: A Self Care Coloring Book | Celebrating Black Women, Brown Women and Good Vibes",$9.95,Paperback ,4.8 out of 5 stars,https://www.amazon.com//Exhale-Coloring-Celebrating-Black-Women/dp/1734879742/ref=sr_1_263?dchild=1&keywords=self+love&qid=1633860700&sr=8-263
243,"Love, Only Better: An Empowering Novel for Women",$1.99,Kindle ,4.0 out of 5 stars,https://www.amazon.com//Love-Only-Better-Empowering-Novel-ebook/dp/B099P7XPV6/ref=sr_1_264?dchild=1&keywords=self+love&qid=1633860700&sr=8-264
244,"Becoming Your Favorite Self: A Journal on Self Love, Self Discovery And All The Mess In Between",$16.00,Paperback ,0,https://www.amazon.com//Becoming-Your-Favorite-Self-Discovery/dp/B09HVLLYZC/ref=sr_1_265?dchild=1&keywords=self+love&qid=1633860700&sr=8-265
245,A Note to Self: Planting seeds of self-love.,$12.99,Paperback ,0,https://www.amazon.com//Note-Self-Planting-seeds-self-love/dp/B09DMW31SL/ref=sr_1_266?dchild=1&keywords=self+love&qid=1633860700&sr=8-266
246,Growing Stronger: Cultivate inner peace & stand out by becoming the best version of yourself,$14.95,Paperback ,4.6 out of 5 stars,https://www.amazon.com//Growing-Stronger-Cultivate-becoming-yourself/dp/B08YNVFC6V/ref=sr_1_267?dchild=1&keywords=self+love&qid=1633860700&sr=8-267
247,"Adult Children of Emotionally Immature Parents: How to Heal from Distant, Rejecting, or Self-Involved Parents",$10.59,Paperback ,4.8 out of 5 stars,https://www.amazon.com//Adult-Children-Emotionally-Immature-Parents/dp/1626251703/ref=sr_1_268?dchild=1&keywords=self+love&qid=1633860700&sr=8-268
248,The Power of Your Subconscious Mind,$1.99,Kindle ,4.6 out of 5 stars,https://www.amazon.com//Power-Your-Subconscious-Mind-ebook/dp/B0773RQ55P/ref=sr_1_269?dchild=1&keywords=self+love&qid=1633860700&sr=8-269
249,"Choose Love: Boho Journal, Lined Notebook, Boho Aesthetic Lined Journal, Minimalist Design",$7.99,Paperback ,0,https://www.amazon.com//Choose-Love-Notebook-Aesthetic-Minimalist/dp/B09GZPFB36/ref=sr_1_270?dchild=1&keywords=self+love&qid=1633860700&sr=8-270
250,A Mother's Love A Son's Regret: Years Later: Includes Three Exclusive Poems,$4.99,Paperback ,4.6 out of 5 stars,https://www.amazon.com//Mothers-Love-Sons-Regret-Exclusive/dp/197320911X/ref=sr_1_271?dchild=1&keywords=self+love&qid=1633860700&sr=8-271
251,"Self-Love Workbook for Women and the power of women Release Self-Doubt, Build Self-Compassion, and Embrace Who You Are: Release Self-Doubt, Build ... Who You Are Paperback – September 29, 2020",$5.99,Paperback ,0,https://www.amazon.com//Self-Love-Workbook-Release-Self-Doubt-Self-Compassion/dp/B097XB7CN8/ref=sr_1_272?dchild=1&keywords=self+love&qid=1633860700&sr=8-272
252,You're Not Enough (And That's Okay): Escaping the Toxic Culture of Self-Love,$16.00,Hardcover ,4.8 out of 5 stars,https://www.amazon.com//Youre-Not-Enough-Thats-Self-Love/dp/0593083849/ref=sr_1_273?dchild=1&keywords=self+love&qid=1633860700&sr=8-273
253,Atlas of the Heart: Mapping Meaningful Connection and the Language of Human Experience,$19.80,Hardcover ,0,https://www.amazon.com//Atlas-Heart-Meaningful-Connection-Experience/dp/0399592555/ref=sr_1_274?dchild=1&keywords=self+love&qid=1633860700&sr=8-274
254,Marriage Ain't for Punks: A No-Nonsense Guide to Building a Lasting Relationship,$0.00,Audible Audiobook ,4.9 out of 5 stars,https://www.amazon.com//Marriage-Aint-Punks-No-Nonsense-Relationship/dp/B09CZJKM37/ref=sr_1_275?dchild=1&keywords=self+love&qid=1633860700&sr=8-275
255,Self-Love Coloring Book For Adults: Filled With Positives Affirmations Made To Inspire You,$7.99,Paperback ,5.0 out of 5 stars,https://www.amazon.com//Self-Love-Coloring-Book-Adults-Affirmations/dp/B0991D21F8/ref=sr_1_276?dchild=1&keywords=self+love&qid=1633860700&sr=8-276
256,21 Day Self Love Challenge: It's Time To Start Loving Yourself,$9.99,Paperback ,4.0 out of 5 stars,https://www.amazon.com//21-Day-Self-Love-Challenge/dp/1948829428/ref=sr_1_277?dchild=1&keywords=self+love&qid=1633860700&sr=8-277
257,Sex Positions for Couples: Improve Your Sex Life in Your Relationship or Marriage with Kama Sutra for Beginners Complete with Illustrations and a New Position to Try Everyday,$0.00,Kindle ,4.4 out of 5 stars,https://www.amazon.com//Sex-Positions-Couples-Relationship-Illustrations-ebook/dp/B093H9N83M/ref=sr_1_278?dchild=1&keywords=self+love&qid=1633860700&sr=8-278
258,The Happiness Recipe: A Powerful Guide to Living What Matters,$13.29,Paperback ,4.6 out of 5 stars,https://www.amazon.com//Happiness-Recipe-Powerful-Living-Matters/dp/1736773011/ref=sr_1_279?dchild=1&keywords=self+love&qid=1633860700&sr=8-279
259,"Ultimate Self-Love Guide for Teens: The Must-Have Workbook and Journal to Boost Self-Confidence, Build Self-Worth and Develop Positive Self-Esteem",$0.00,Kindle ,5.0 out of 5 stars,https://www.amazon.com//Ultimate-Self-Love-Guide-Teens-Self-Confidence-ebook/dp/B09GJ7JN35/ref=sr_1_280?dchild=1&keywords=self+love&qid=1633860700&sr=8-280
260,Self-Love Healing Journal: Journal Your Way Into Healing,$16.99,Paperback ,4.7 out of 5 stars,https://www.amazon.com//Self-Love-Healing-Journal-Your-Into/dp/1095721828/ref=sr_1_281?dchild=1&keywords=self+love&qid=1633860700&sr=8-281
261,Self-Love Manual: Discover Your Spiritual Gifts To Achieve Financial Success,$15.97,Paperback ,5.0 out of 5 stars,https://www.amazon.com//Self-Love-Manual-Discover-Spiritual-Financial/dp/B088VXM3SY/ref=sr_1_282?dchild=1&keywords=self+love&qid=1633860700&sr=8-282
262,"The Redemption of Bobby Love: A Story of Faith, Family, and Justice",$20.99,Hardcover ,5.0 out of 5 stars,https://www.amazon.com//Redemption-Bobby-Love-Family-Justice/dp/0358566053/ref=sr_1_283?dchild=1&keywords=self+love&qid=1633860700&sr=8-283
263,"Alpha Female Bible: Identify and Eliminate Anxiety, Jealousy, Negative Thinking, Overcome Anger and Couple Conflicts. Build Your Healthy Relationship as a Real Alpha Woman",$18.99,Paperback ,4.4 out of 5 stars,https://www.amazon.com//Alpha-Female-Bible-Conflicts-Relationship/dp/B09244XRZ1/ref=sr_1_284?dchild=1&keywords=self+love&qid=1633860700&sr=8-284
264,Redeeming Love,$12.70,Paperback ,4.8 out of 5 stars,https://www.amazon.com//Redeeming-Love-Francine-Rivers/dp/1590525132/ref=sr_1_285?dchild=1&keywords=self+love&qid=1633860700&sr=8-285
265,"Self-Worth Essentials: A Workbook to Understand Yourself, Accept Yourself, Like Yourself, Respect Yourself, Be Confident, Enjoy Yourself, and Love Yourself",$9.95,Paperback ,4.5 out of 5 stars,https://www.amazon.com//Self-Worth-Essentials-Workbook-Understand-Confident/dp/1535123834/ref=sr_1_286?dchild=1&keywords=self+love&qid=1633860700&sr=8-286
266,Apologies That Never Came,$7.66,Paperback ,4.7 out of 5 stars,https://www.amazon.com//Apologies-That-Never-Pierre-Jeanty/dp/1524850640/ref=sr_1_287?dchild=1&keywords=self+love&qid=1633860700&sr=8-287
267,Love Your Gut: Supercharge Your Digestive Health and Transform Your Well-Being from the Inside Out,$17.38,Paperback ,4.8 out of 5 stars,https://www.amazon.com//Love-Your-Gut-Easy-Digest/dp/1615197060/ref=sr_1_288?dchild=1&keywords=self+love&qid=1633860700&sr=8-288
268,You Can't Eat Love: How Learning to Love Yourself Can Change Your Relationship with Food,$12.65,Paperback ,4.6 out of 5 stars,https://www.amazon.com//You-Cant-Eat-Love-Relationship/dp/1736232223/ref=sr_1_289?dchild=1&keywords=self+love&qid=1633860703&sr=8-289
269,The Path To Loving Yourself: You Are A Big Deal (Healing Acts For Life),$9.95,Paperback ,4.3 out of 5 stars,https://www.amazon.com//Path-Loving-Yourself-Deal-Healing/dp/1537671936/ref=sr_1_290?dchild=1&keywords=self+love&qid=1633860703&sr=8-290
270,"Love People, Use Things: Because the Opposite Never Works",$0.00,Audible Audiobook ,4.5 out of 5 stars,https://www.amazon.com//Love-People-Use-Things-Opposite/dp/B08LLFZ3TZ/ref=sr_1_291?dchild=1&keywords=self+love&qid=1633860703&sr=8-291
271,Manifesting with Alignment: 7 Hidden Principles to Master the Energy of Thoughts and Emotions - How to Raise Your Vibration Instantly and Shift to the Frequency of Your Desires (Law of Attraction),$15.99,Paperback ,4.9 out of 5 stars,https://www.amazon.com//Manifesting-Alignment-Principles-Vibration-Attraction/dp/1954596073/ref=sr_1_292?dchild=1&keywords=self+love&qid=1633860703&sr=8-292
272,You Are Enough: Learning to Love Yourself the Way God Loves You,$14.46,Paperback ,4.7 out of 5 stars,https://www.amazon.com//You-Are-Enough-Learning-Yourself/dp/1775329747/ref=sr_1_293?dchild=1&keywords=self+love&qid=1633860703&sr=8-293
273,The Problem of Self-Love in St. Augustine,$27.00,Paperback ,4.4 out of 5 stars,https://www.amazon.com//Problem-Self-Love-St-Augustine/dp/1597529532/ref=sr_1_294?dchild=1&keywords=self+love&qid=1633860703&sr=8-294
274,Anger Management Workbook for Kids: 50 Fun Activities to Help Children Stay Calm and Make Better Choices When They Feel Mad,$12.29,Paperback ,4.6 out of 5 stars,https://www.amazon.com//Anger-Management-Workbook-Kids-Activities/dp/1641520922/ref=sr_1_295?dchild=1&keywords=self+love&qid=1633860703&sr=8-295
275,"I Love Jesus, But I Want to Die: Finding Hope in the Darkness of Depression",$9.59,Paperback ,4.7 out of 5 stars,https://www.amazon.com//Love-Jesus-But-Want-Die/dp/0593193520/ref=sr_1_296?dchild=1&keywords=self+love&qid=1633860703&sr=8-296
276,"Mindfulness Workbook for Kids: 60+ Activities to Focus, Stay Calm, and Make Good Choices",$15.29,Paperback ,4.7 out of 5 stars,https://www.amazon.com//Mindfulness-Workbook-Kids-Activities-Choices/dp/1647396751/ref=sr_1_297?dchild=1&keywords=self+love&qid=1633860703&sr=8-297
277,The Cheat Sheet: A Romantic Comedy,$0.00,Kindle ,4.4 out of 5 stars,https://www.amazon.com//Cheat-Sheet-Romantic-Comedy-ebook/dp/B095BSDWZK/ref=sr_1_298?dchild=1&keywords=self+love&qid=1633860703&sr=8-298
278,"LOVING ME MORE: A Journal Perfect for Self-Growth, Self-Love and Self-Expression with Creative Designs and Motivational Content.",$8.99,Paperback ,0,https://www.amazon.com//LOVING-MORE-Self-Growth-Self-Expression-Motivational/dp/B09HLSWZ48/ref=sr_1_299?dchild=1&keywords=self+love&qid=1633860703&sr=8-299
279,"Anxiety Workbook for Men: Evidence-Based Exercises to Manage Anxiety, Depression, and Worry",$16.79,Paperback ,4.4 out of 5 stars,https://www.amazon.com//Anxiety-Workbook-Men-Evidence-Based-Depression/dp/1648766943/ref=sr_1_300?dchild=1&keywords=self+love&qid=1633860703&sr=8-300
280,52-Week Mental Health Journal: Guided Prompts and Self-Reflection to Reduce Stress and Improve Wellbeing,$13.49,Paperback ,4.6 out of 5 stars,https://www.amazon.com//52-Week-Mental-Health-Journal-Self-Reflection/dp/1648767699/ref=sr_1_301?dchild=1&keywords=self+love&qid=1633860703&sr=8-301
281,"Love Yourself, Heal Your Life Workbook",$13.68,Paperback ,4.6 out of 5 stars,https://www.amazon.com//Love-Yourself-Workbook-Insight-Guide/dp/0937611697/ref=sr_1_302?dchild=1&keywords=self+love&qid=1633860703&sr=8-302
282,Why I Love Superman & Other Superheroes: One Veteran's Journey To Find Himself Through Superhero Motivation,$2.99,Kindle ,0,https://www.amazon.com//Why-Love-Superman-Other-Superheroes-ebook/dp/B09HT4W36J/ref=sr_1_303?dchild=1&keywords=self+love&qid=1633860703&sr=8-303
283,Unsent Messages,$0.00,Kindle ,0,https://www.amazon.com//Unsent-Messages-Taylor-Sutton-ebook/dp/B09HYVPGTB/ref=sr_1_304?dchild=1&keywords=self+love&qid=1633860703&sr=8-304
284,You Can Thank Me Later: A Novella,$0.00,Audible Audiobook ,4.1 out of 5 stars,https://www.amazon.com//You-Can-Thank-Me-Later-audiobook/dp/B07YVL71PS/ref=sr_1_305?dchild=1&keywords=self+love&qid=1633860703&sr=8-305
285,Avery's Garden Coloring Book and Creative Grief Journal: I'll Love You Forever,$18.95,Paperback ,0,https://www.amazon.com//Averys-Garden-Coloring-Creative-Journal/dp/B09HJ8MB4X/ref=sr_1_306?dchild=1&keywords=self+love&qid=1633860703&sr=8-306
